{"train_loss": 2.394064426422119, "_timestamp": 1709642077.6616776, "_runtime": 11.114110708236694, "_step": 937, "_wandb": {"runtime": 10}}