{"train_loss": 0.6539137363433838, "_timestamp": 1709643374.701447, "_runtime": 3.751579999923706, "_step": 267, "_wandb": {"runtime": 3}}