{"train_loss": 2.291382312774658, "_timestamp": 1709643173.6433008, "_runtime": 3.113602876663208, "_step": 126, "_wandb": {"runtime": 1}}